<?xml version="1.0" encoding="UTF-8"?>
<project-private xmlns="http://www.netbeans.org/ns/project-private/1">
    <editor-bookmarks xmlns="http://www.netbeans.org/ns/editor-bookmarks/2" lastBookmarkId="0"/>
    <open-files xmlns="http://www.netbeans.org/ns/projectui-open-files/2">
        <group>
            <file>file:/C:/Users/Jeffrey%20Leiva/Documents/NetBeansProjects/DBPrueba/src/View/updateArticle.java</file>
            <file>file:/C:/Users/Jeffrey%20Leiva/Documents/NetBeansProjects/DBPrueba/src/View/menuPrincipal.java</file>
            <file>file:/C:/Users/Jeffrey%20Leiva/Documents/NetBeansProjects/DBPrueba/src/View/myPurchases.java</file>
            <file>file:/C:/Users/Jeffrey%20Leiva/Documents/NetBeansProjects/DBPrueba/src/Control/ConnectDB.java</file>
            <file>file:/C:/Users/Jeffrey%20Leiva/Documents/NetBeansProjects/DBPrueba/src/View/registerPerson.java</file>
            <file>file:/C:/Users/Jeffrey%20Leiva/Documents/NetBeansProjects/DBPrueba/src/View/showNews.java</file>
            <file>file:/C:/Users/Jeffrey%20Leiva/Documents/NetBeansProjects/DBPrueba/src/View/deletePerson.java</file>
            <file>file:/C:/Users/Jeffrey%20Leiva/Documents/NetBeansProjects/DBPrueba/src/View/modifyArticle.java</file>
            <file>file:/C:/Users/Jeffrey%20Leiva/Documents/NetBeansProjects/DBPrueba/src/View/nextRegisterStudent.java</file>
            <file>file:/C:/Users/Jeffrey%20Leiva/Documents/NetBeansProjects/DBPrueba/src/View/AdminView.java</file>
            <file>file:/C:/Users/Jeffrey%20Leiva/Documents/NetBeansProjects/DBPrueba/src/View/pruebaRapida.java</file>
            <file>file:/C:/Users/Jeffrey%20Leiva/Documents/NetBeansProjects/DBPrueba/src/View/createArticle.java</file>
            <file>file:/C:/Users/Jeffrey%20Leiva/Documents/NetBeansProjects/DBPrueba/src/View/ShowNewsCategory.java</file>
            <file>file:/C:/Users/Jeffrey%20Leiva/Documents/NetBeansProjects/DBPrueba/src/Control/Cursors.java</file>
            <file>file:/C:/Users/Jeffrey%20Leiva/Documents/NetBeansProjects/DBPrueba/src/View/ViewInicio.java</file>
            <file>file:/C:/Users/Jeffrey%20Leiva/Documents/NetBeansProjects/DBPrueba/src/View/adminMenu.java</file>
            <file>file:/C:/Users/Jeffrey%20Leiva/Documents/NetBeansProjects/DBPrueba/src/View/registerFirstWindow.java</file>
            <file>file:/C:/Users/Jeffrey%20Leiva/Documents/NetBeansProjects/DBPrueba/src/View/Comments.java</file>
            <file>file:/C:/Users/Jeffrey%20Leiva/Documents/NetBeansProjects/DBPrueba/src/View/Controller.java</file>
            <file>file:/C:/Users/Jeffrey%20Leiva/Documents/NetBeansProjects/DBPrueba/src/View/myAccount.java</file>
        </group>
    </open-files>
</project-private>
