<?xml version="1.0" encoding="UTF-8"?>
<project-private xmlns="http://www.netbeans.org/ns/project-private/1">
    <editor-bookmarks xmlns="http://www.netbeans.org/ns/editor-bookmarks/2" lastBookmarkId="0"/>
    <open-files xmlns="http://www.netbeans.org/ns/projectui-open-files/2">
        <group>
            <file>file:/C:/Users/Jeffrey%20Leiva/Documents/NetBeansProjects/DBPrueba/src/View/menuPrincipal.java</file>
            <file>file:/C:/Users/Jeffrey%20Leiva/Documents/NetBeansProjects/DBPrueba/src/Control/ConnectDB.java</file>
            <file>file:/C:/Users/Jeffrey%20Leiva/Documents/NetBeansProjects/DBPrueba/src/Model/TopNAuthors.java</file>
            <file>file:/C:/Users/Jeffrey%20Leiva/Documents/NetBeansProjects/DBPrueba/src/View/showNews.java</file>
            <file>file:/C:/Users/Jeffrey%20Leiva/Documents/NetBeansProjects/DBPrueba/src/View/deletePerson.java</file>
            <file>file:/C:/Users/Jeffrey%20Leiva/Documents/NetBeansProjects/DBPrueba/src/View/insertAuthor.java</file>
            <file>file:/C:/Users/Jeffrey%20Leiva/Documents/NetBeansProjects/DBPrueba/src/View/lastNews.java</file>
            <file>file:/C:/Users/Jeffrey%20Leiva/Documents/NetBeansProjects/DBPrueba/src/View/manageStatistics.java</file>
            <file>file:/C:/Users/Jeffrey%20Leiva/Documents/NetBeansProjects/DBPrueba/src/View/nextStudent.java</file>
            <file>file:/C:/Users/Jeffrey%20Leiva/Documents/NetBeansProjects/DBPrueba/src/View/adminPanel.java</file>
            <file>file:/C:/Users/Jeffrey%20Leiva/Documents/NetBeansProjects/DBPrueba/src/Model/Person.java</file>
            <file>file:/C:/Users/Jeffrey%20Leiva/Documents/NetBeansProjects/DBPrueba/src/View/ShowNewsCategory.java</file>
            <file>file:/C:/Users/Jeffrey%20Leiva/Documents/NetBeansProjects/DBPrueba/src/Model/Top10Products.java</file>
            <file>file:/C:/Users/Jeffrey%20Leiva/Documents/NetBeansProjects/DBPrueba/src/dbprueba/DBPrueba.java</file>
            <file>file:/C:/Users/Jeffrey%20Leiva/Documents/NetBeansProjects/DBPrueba/src/View/adminMenu.java</file>
            <file>file:/C:/Users/Jeffrey%20Leiva/Documents/NetBeansProjects/DBPrueba/src/View/Controller.java</file>
            <file>file:/C:/Users/Jeffrey%20Leiva/Documents/NetBeansProjects/DBPrueba/src/View/Comments.java</file>
            <file>file:/C:/Users/Jeffrey%20Leiva/Documents/NetBeansProjects/DBPrueba/src/View/topAuthorSelection.java</file>
            <file>file:/C:/Users/Jeffrey%20Leiva/Documents/NetBeansProjects/DBPrueba/src/Model/AuthorRangeAge.java</file>
            <file>file:/C:/Users/Jeffrey%20Leiva/Documents/NetBeansProjects/DBPrueba/src/View/newSession.java</file>
            <file>file:/C:/Users/Jeffrey%20Leiva/Documents/NetBeansProjects/DBPrueba/src/Model/Review.java</file>
            <file>file:/C:/Users/Jeffrey%20Leiva/Documents/NetBeansProjects/DBPrueba/src/View/updatePerson.java</file>
            <file>file:/C:/Users/Jeffrey%20Leiva/Documents/NetBeansProjects/DBPrueba/src/Control/Statistics.java</file>
            <file>file:/C:/Users/Jeffrey%20Leiva/Documents/NetBeansProjects/DBPrueba/src/Model/ArticlesPerCollege.java</file>
            <file>file:/C:/Users/Jeffrey%20Leiva/Documents/NetBeansProjects/DBPrueba/src/View/adminCatalogos.java</file>
            <file>file:/C:/Users/Jeffrey%20Leiva/Documents/NetBeansProjects/DBPrueba/src/Model/AuthorPerCollege.java</file>
            <file>file:/C:/Users/Jeffrey%20Leiva/Documents/NetBeansProjects/DBPrueba/src/View/insertPerson.java</file>
            <file>file:/C:/Users/Jeffrey%20Leiva/Documents/NetBeansProjects/DBPrueba/src/Model/LogDB.java</file>
            <file>file:/C:/Users/Jeffrey%20Leiva/Documents/NetBeansProjects/DBPrueba/src/View/otherCategoriesSelection.java</file>
            <file>file:/C:/Users/Jeffrey%20Leiva/Documents/NetBeansProjects/DBPrueba/src/View/AdminView.java</file>
            <file>file:/C:/Users/Jeffrey%20Leiva/Documents/NetBeansProjects/DBPrueba/src/Model/TotalArticlesxAuthor.java</file>
            <file>file:/C:/Users/Jeffrey%20Leiva/Documents/NetBeansProjects/DBPrueba/src/View/pruebaRapida.java</file>
            <file>file:/C:/Users/Jeffrey%20Leiva/Documents/NetBeansProjects/DBPrueba/src/Control/Cursors.java</file>
            <file>file:/C:/Users/Jeffrey%20Leiva/Documents/NetBeansProjects/DBPrueba/src/View/ViewInicio.java</file>
            <file>file:/C:/Users/Jeffrey%20Leiva/Documents/NetBeansProjects/DBPrueba/src/View/insertUser.java</file>
            <file>file:/C:/Users/Jeffrey%20Leiva/Documents/NetBeansProjects/DBPrueba/src/Model/AuthorAverageReview.java</file>
            <file>file:/C:/Users/Jeffrey%20Leiva/Documents/NetBeansProjects/DBPrueba/src/View/statisticsMenu.java</file>
            <file>file:/C:/Users/Jeffrey%20Leiva/Documents/NetBeansProjects/DBPrueba/src/Model/Gender.java</file>
        </group>
    </open-files>
</project-private>
